{"cameraMode":{"drawMode":0,"name":"Shaded","section":"Shading Mode"},"sceneLighting":true,"audioPlay":false,"sceneViewState":{"m_AlwaysRefresh":false,"showFog":true,"showSkybox":true,"showFlares":true,"showImageEffects":true,"showParticleSystems":true,"showVisualEffectGraphs":true,"m_FxEnabled":true},"in2DMode":false,"pivot":{"x":0.022035330533981324,"y":0.5446528792381287,"z":-0.332317054271698},"rotation":{"x":0.26188382506370547,"y":0.006868531461805105,"z":-0.0017093183705583215,"w":0.9657219052314758},"size":0.049190182238817218,"orthographic":false}