{"cameraMode":{"drawMode":0,"name":"Shaded","section":"Shading Mode"},"sceneLighting":true,"audioPlay":false,"sceneViewState":{"m_AlwaysRefresh":false,"showFog":true,"showSkybox":true,"showFlares":true,"showImageEffects":true,"showParticleSystems":true,"showVisualEffectGraphs":true,"m_FxEnabled":true},"in2DMode":false,"pivot":{"x":-0.22998759150505067,"y":0.5412696003913879,"z":-0.3152739405632019},"rotation":{"x":0.24811923503875733,"y":0.041774455457925799,"z":-0.010549183934926987,"w":0.9684155583381653},"size":0.028841566294431688,"orthographic":false}