{"cameraMode":{"drawMode":0,"name":"Shaded","section":"Shading Mode"},"sceneLighting":false,"audioPlay":false,"sceneViewState":{"m_AlwaysRefresh":false,"showFog":true,"showSkybox":false,"showFlares":true,"showImageEffects":true,"showParticleSystems":true,"showVisualEffectGraphs":true,"m_FxEnabled":true},"in2DMode":false,"pivot":{"x":6.705522537231445e-8,"y":0.08951985090970993,"z":-0.15860065817832948},"rotation":{"x":-0.2991827726364136,"y":-0.00943430233746767,"z":0.003015912137925625,"w":-0.9542867541313171},"size":0.39120814204216006,"orthographic":false}