{"cameraMode":{"drawMode":0,"name":"Shaded","section":"Shading Mode"},"sceneLighting":true,"audioPlay":false,"sceneViewState":{"m_AlwaysRefresh":false,"showFog":true,"showSkybox":false,"showFlares":true,"showImageEffects":true,"showParticleSystems":true,"showVisualEffectGraphs":true,"m_FxEnabled":true},"in2DMode":false,"pivot":{"x":0.29936864972114565,"y":2.8138277530670168,"z":4.747437000274658},"rotation":{"x":-0.3092087507247925,"y":0.0504700168967247,"z":-0.01642231084406376,"w":-0.9495429992675781},"size":0.6211955547332764,"orthographic":false}